Workbook

Sheet Backlog status
A1: Backlog status - development done or not, story by story
A2: Stories, epics, priority, phase and effort are copied from 'CDI-Adapter-Epic-Backlog-UploadScreen-v6-FINAL'. The status columns are from the tests and measured runs in the repository, as of 2026-10-10.
A3: Legend - Yes: built, every acceptance criterion passes in tests. Yes - open items: built, but one or more criteria are partial or wait on something from outside (named in the last columns). Partly: some of it is built. No: not taken up yet.
A5: Story ID | B5: Epic | C5: Title | D5: Priority | E5: Phase | F5: Effort pd (ESTIMATE) | G5: Story points | H5: Repo status in the v6 workbook (2026-10-04) | I5: Development done? | J5: Acceptance criteria passing | K5: What is still open | L5: Proof (tests / documents)
A6: UP-S1 | B6: UP Scan & upload screen | C6: Choose, scan or take a picture of the pages and send them | D6: Must | E6: 1 | F6: 5 | G6: 8 | H6: Partial | I6: Yes | J6: 6 of 6 | K6: Not tried on a real phone. | L6: tests/test_up_s1_acceptance_unit.py (50 passed); docs/test-UP-S1.md
A7: UP-S2 | B7: UP Scan & upload screen | C7: Tell the person at once if a picture is not good enough, and let them retake just that page | D7: Must | E7: 1 | F7: 3 | G7: 5 | H7: Partial | I7: Yes | J7: 5 of 5 | K7: Weekly retake report not yet run on a real database. | L7: tests/test_up_s2_acceptance_unit.py (38 passed); docs/test-UP-S2.md
A8: UP-S3 | B8: UP Scan & upload screen | C8: Show the result on the screen and let the person download the JSON | D8: Should | E8: 2 | F8: 5 | G8: 8 | H8: Partial | I8: Yes | J8: 5 of 5 | K8: Report-a-wrong-result not yet run on a real database. | L8: tests/test_up_s3_acceptance_unit.py (67 passed); docs/test-UP-S3.md
A9: LS-S1 | B9: LS File listener (watched folder) | C9: Watch a folder on OneDrive, SharePoint, Google Drive or this computer, chosen by settings only | D9: Must | E9: 1 | F9: 2 | G9: 3 | H9: Built | I9: Yes - open items | J9: 3 of 4 | K9: AC2: the retry-agent half was never re-checked. Cloud drives tested against stand-ins only. | L9: tests/test_ls_s1_acceptance_unit.py; docs/test-LS-S1.md
A10: LS-S2 | B10: LS File listener (watched folder) | C10: Sign in to the drive safely (no password handled by us) | D10: Must | E10: 1 | F10: 3 | G10: 5 | H10: Partial | I10: Yes - open items | J10: 3 of 4 | K10: AC2: an expired sign-in raises an alert but does not message a person. No real Microsoft account or Entra app yet. | L10: tests/test_listener_auth_unit.py; docs/test-LS-S2.md
A11: LS-S3 | B11: LS File listener (watched folder) | C11: Pick up only finished, new, allowed files | D11: Must | E11: 1 | F11: 2 | G11: 3 | H11: Partial | I11: Yes | J11: 5 of 5 | K11: The same-file rule in the database is covered by a test that is skipped on the dev PC. | L11: tests/test_ls_s3_acceptance_unit.py (58 passed); docs/test-LS-S3.md
A12: LS-S4 | B12: LS File listener (watched folder) | C12: Read each image or PDF with the same OCR steps as the upload screen | D12: Must | E12: 1 | F12: 3 | G12: 5 | H12: Partial | I12: Yes - open items | J12: 3 of 5 | K12: AC1 and AC4: the saved document, and screen-against-folder results, were never compared on a database. | L12: tests/test_ls_s4_acceptance_unit.py; docs/test-LS-S4.md
A13: LS-S5 | B13: LS File listener (watched folder) | C13: Run files in batches of three | D13: Must | E13: 1 | F13: 1 | G13: 2 | H13: Built | I13: Yes | J13: 4 of 4 | K13: None. | L13: tests/test_ls_s5_acceptance_unit.py (29 passed); docs/test-LS-S5.md
A14: LS-S6 | B14: LS File listener (watched folder) | C14: File each prescription by outcome and keep only the failure reasons in a log folder | D14: Must | E14: 1 | F14: 2 | G14: 3 | H14: Built | I14: Yes | J14: 5 of 5 | K14: AC3 shown with a stand-in for the database. | L14: tests/test_ls_s6_acceptance_unit.py; docs/test-LS-S6.md
A15: LS-S7 | B15: LS File listener (watched folder) | C15: Retry a failed file 3 times, then hand it to a person | D15: Must | E15: 1 | F15: 2 | G15: 3 | H15: Partial | I15: Yes - open items | J15: 3 of 4 | K15: AC4: a quarantined file shows in the website banner, but nobody away from a screen is told (needs ENT-S4). | L15: tests/test_ls_s7_acceptance_unit.py; docs/test-LS-S7.md
A16: LS-S8 | B16: LS File listener (watched folder) | C16: Give the same database rows and JSON as an upload, and say where each result came from | D16: Must | E16: 1 | F16: 2 | G16: 3 | H16: Partial | I16: Yes | J16: 4 of 4 | K16: None. | L16: tests/test_ls_s8_acceptance_unit.py (34 passed); docs/test-LS-S8.md
A17: LS-S9 | B17: LS File listener (watched folder) | C17: Keep the listener running, restart-safe and visible | D17: Should | E17: 1 | F17: 3 | G17: 5 | H17: Partial | I17: Yes | J17: 4 of 4 | K17: Alerts reach the website banner only; no email, chat or pager. | L17: tests/test_ls_s9_acceptance_unit.py; docs/test-LS-S9.md
... A46: ENT-S4 | B46: ENT Enterprise readiness | C46: Run it reliably: health, metrics, alerts, backups and a restart runbook | D46: Should | E46: 2 | F46: 4 | G46: 5 | H46: Partial | I46: No | J46: - | K46: Not taken up yet. | L46: -

Sheet Summary
A1: Summary - counted from the 'Backlog status' sheet
A3: Epic | B3: Stories | C3: Yes | D3: Yes - open items | E3: Partly | F3: No | G3: Built (Yes + Yes - open items) | H3: Share built
A4: UP Scan & upload screen | B4: =COUNTIF('Backlog status'!$B$6:$B$46,A4) | C4: =COUNTIFS('Backlog status'!$B$6:$B$46,$A4,'Backlog status'!$I$6:$I$46,"Yes") | D4: =COUNTIFS('Backlog status'!$B$6:$B$46,$A4,'Backlog status'!$I$6:$I$46,"Yes - open items") | E4: =COUNTIFS('Backlog status'!$B$6:$B$46,$A4,'Backlog status'!$I$6:$I$46,"Partly") | F4: =COUNTIFS('Backlog status'!$B$6:$B$46,$A4,'Backlog status'!$I$6:$I$46,"No") | G4: =C4+D4 | H4: =IF(B4=0,0,G4/B4)
A5: LS File listener (watched folder) | B5: =COUNTIF('Backlog status'!$B$6:$B$46,A5) | C5: =COUNTIFS('Backlog status'!$B$6:$B$46,$A5,'Backlog status'!$I$6:$I$46,"Yes") | D5: =COUNTIFS('Backlog status'!$B$6:$B$46,$A5,'Backlog status'!$I$6:$I$46,"Yes - open items") | E5: =COUNTIFS('Backlog status'!$B$6:$B$46,$A5,'Backlog status'!$I$6:$I$46,"Partly") | F5: =COUNTIFS('Backlog status'!$B$6:$B$46,$A5,'Backlog status'!$I$6:$I$46,"No") | G5: =C5+D5 | H5: =IF(B5=0,0,G5/B5)
A6: IM Image preparation (OpenCV) | B6: =COUNTIF('Backlog status'!$B$6:$B$46,A6) | C6: =COUNTIFS('Backlog status'!$B$6:$B$46,$A6,'Backlog status'!$I$6:$I$46,"Yes") | D6: =COUNTIFS('Backlog status'!$B$6:$B$46,$A6,'Backlog status'!$I$6:$I$46,"Yes - open items") | E6: =COUNTIFS('Backlog status'!$B$6:$B$46,$A6,'Backlog status'!$I$6:$I$46,"Partly") | F6: =COUNTIFS('Backlog status'!$B$6:$B$46,$A6,'Backlog status'!$I$6:$I$46,"No") | G6: =C6+D6 | H6: =IF(B6=0,0,G6/B6)
A7: RD Reading engines working together | B7: =COUNTIF('Backlog status'!$B$6:$B$46,A7) | C7: =COUNTIFS('Backlog status'!$B$6:$B$46,$A7,'Backlog status'!$I$6:$I$46,"Yes") | D7: =COUNTIFS('Backlog status'!$B$6:$B$46,$A7,'Backlog status'!$I$6:$I$46,"Yes - open items") | E7: =COUNTIFS('Backlog status'!$B$6:$B$46,$A7,'Backlog status'!$I$6:$I$46,"Partly") | F7: =COUNTIFS('Backlog status'!$B$6:$B$46,$A7,'Backlog status'!$I$6:$I$46,"No") | G7: =C7+D7 | H7: =IF(B7=0,0,G7/B7)
A8: SW Change any model or component | B8: =COUNTIF('Backlog status'!$B$6:$B$46,A8) | C8: =COUNTIFS('Backlog status'!$B$6:$B$46,$A8,'Backlog status'!$I$6:$I$46,"Yes") | D8: =COUNTIFS('Backlog status'!$B$6:$B$46,$A8,'Backlog status'!$I$6:$I$46,"Yes - open items") | E8: =COUNTIFS('Backlog status'!$B$6:$B$46,$A8,'Backlog status'!$I$6:$I$46,"Partly") | F8: =COUNTIFS('Backlog status'!$B$6:$B$46,$A8,'Backlog status'!$I$6:$I$46,"No") | G8: =C8+D8 | H8: =IF(B8=0,0,G8/B8)
A9: EX The four things we extract | B9: =COUNTIF('Backlog status'!$B$6:$B$46,A9) | C9: =COUNTIFS('Backlog status'!$B$6:$B$46,$A9,'Backlog status'!$I$6:$I$46,"Yes") | D9: =COUNTIFS('Backlog status'!$B$6:$B$46,$A9,'Backlog status'!$I$6:$I$46,"Yes - open items") | E9: =COUNTIFS('Backlog status'!$B$6:$B$46,$A9,'Backlog status'!$I$6:$I$46,"Partly") | F9: =COUNTIFS('Backlog status'!$B$6:$B$46,$A9,'Backlog status'!$I$6:$I$46,"No") | G9: =C9+D9 | H9: =IF(B9=0,0,G9/B9)
A10: OUT Save & deliver (database + JSON) | B10: =COUNTIF('Backlog status'!$B$6:$B$46,A10) | C10: =COUNTIFS('Backlog status'!$B$6:$B$46,$A10,'Backlog status'!$I$6:$I$46,"Yes") | D10: =COUNTIFS('Backlog status'!$B$6:$B$46,$A10,'Backlog status'!$I$6:$I$46,"Yes - open items") | E10: =COUNTIFS('Backlog status'!$B$6:$B$46,$A10,'Backlog status'!$I$6:$I$46,"Partly") | F10: =COUNTIFS('Backlog status'!$B$6:$B$46,$A10,'Backlog status'!$I$6:$I$46,"No") | G10: =C10+D10 | H10: =IF(B10=0,0,G10/B10)
A11: ENT Enterprise readiness | B11: =COUNTIF('Backlog status'!$B$6:$B$46,A11) | C11: =COUNTIFS('Backlog status'!$B$6:$B$46,$A11,'Backlog status'!$I$6:$I$46,"Yes") | D11: =COUNTIFS('Backlog status'!$B$6:$B$46,$A11,'Backlog status'!$I$6:$I$46,"Yes - open items") | E11: =COUNTIFS('Backlog status'!$B$6:$B$46,$A11,'Backlog status'!$I$6:$I$46,"Partly") | F11: =COUNTIFS('Backlog status'!$B$6:$B$46,$A11,'Backlog status'!$I$6:$I$46,"No") | G11: =C11+D11 | H11: =IF(B11=0,0,G11/B11)
A12: TOTAL | B12: =SUM(B4:B11) | C12: =SUM(C4:C11) | D12: =SUM(D4:D11) | E12: =SUM(E4:E11) | F12: =SUM(F4:F11) | G12: =SUM(G4:G11) | H12: =IF(B12=0,0,G12/B12)
A14: 'Built' counts a story once its code is written and tested; 'Yes - open items' stories still have a criterion that is partial or waits on outside input - see the 'Backlog status' sheet.
A15: Nothing after LS-S4 is committed or pushed to GitHub yet (as of 2026-10-10).
